create_mle_agent_package	702379153e1828e8c292abc3090b994cf7e0591c72140c0c418a2c2b10781892
create_repository_interface	572b120acc7e0e8e7420869c738a84f115022bd171838c9485846b9a9442f2b9
create_use_case	b138de80a27581605df322a52cc1e557c9c20c5d248f5a0e4b43b5adddef6f05
execute_engineering_task	f941f77e2d7a273f0b48e95cefbb0c050bf4fd4f6b482c27537f465d901dae97
generate_e2e_tests	bd1baf6536593a05e9a6ad768ea73193537b9b502d953f14743e89fe348a3c64
generate_implementation_docs	c84fc5edccfbc3587583aeff41120a7f8923c48eeacac36265e4eb78c3ec0db7
generate_migration_plan	3fb8b3f2625b69ac60c92061967d0f94a5392eed5df15776dc49c6faa45e7bb9
plan_and_execute_feature	caa48dd53d518be94d492b358ab0b59d044284d9b327c7c7dd8bab21edf39f0c
refactor_to_clean_architecture	b2e5a7799b66c516f4c49e05bbe9e2e39366648c32d55d395f27d302bb0289d0
validate_module_structure	ce844fea548597600ec9b8ae63b5347466a28bd645fc1487d18d751dbba3ee42
ui-ux-pro-max	f31c90e1157c263f6ff8fdc17a89bf0b8a4834bc7e4cea7134734f460e313413
